C:\gwplane\data\Japan1.tif,689,602,706,624,plane
C:\gwplane\data\Japan1.tif,2773,785,2800,810,plane
C:\gwplane\data\Japan1.tif,2609,789,2640,822,plane
C:\gwplane\data\Japan1.tif,2642,765,2671,797,plane
C:\gwplane\data\Japan1.tif,2707,838,2733,863,plane
C:\gwplane\data\Japan1.tif,2511,872,2539,897,plane
C:\gwplane\data\Japan1.tif,2995,732,3017,756,plane
C:\gwplane\data\Japan1.tif,1651,1189,1690,1227,plane
C:\gwplane\data\Japan1.tif,1920,1074,1953,1108,plane
C:\gwplane\data\Japan1.tif,1975,1076,2012,1112,plane
C:\gwplane\data\Japan1.tif,1739,1119,1777,1155,plane
C:\gwplane\data\Japan1.tif,1698,1154,1734,1192,plane
C:\gwplane\data\Japan1.tif,2032,1078,2072,1120,plane
C:\gwplane\data\Japan1.tif,2135,1246,2164,1282,plane
C:\gwplane\data\Japan1.tif,2160,967,2193,1002,plane
C:\gwplane\data\Japan1.tif,2344,916,2374,947,plane
C:\gwplane\data\Japan1.tif,2479,898,2498,926,plane
C:\gwplane\data\Japan1.tif,2517,1001,2547,1030,plane
C:\gwplane\data\Japan1.tif,2612,917,2635,942,plane
C:\gwplane\data\Japan1.tif,2645,890,2668,916,plane
C:\gwplane\data\Japan1.tif,2485,1019,2508,1048,plane
C:\gwplane\data\Japan1.tif,2543,970,2571,995,plane
C:\gwplane\data\Japan1.tif,1279,1628,1321,1665,plane
C:\gwplane\data\Japan1.tif,1368,1438,1402,1472,plane
C:\gwplane\data\Japan1.tif,1453,1531,1489,1557,plane
C:\gwplane\data\Japan1.tif,1846,1486,1882,1525,plane
C:\gwplane\data\Japan1.tif,1899,1445,1934,1483,plane
C:\gwplane\data\Japan1.tif,1791,1333,1823,1369,plane
C:\gwplane\data\Japan1.tif,1728,1359,1760,1399,plane
C:\gwplane\data\Japan1.tif,1830,1280,1861,1314,plane
C:\gwplane\data\Japan1.tif,2091,1280,2125,1312,plane
C:\gwplane\data\Japan1.tif,3550,1588,3560,1600,plane
C:\gwplane\data\Japan1.tif,740,2009,754,2025,plane
C:\gwplane\data\Japan1.tif,1158,2037,1185,2068,plane
C:\gwplane\data\Japan1.tif,1237,1963,1264,1993,plane
C:\gwplane\data\Japan1.tif,1210,1992,1219,2010,plane
C:\gwplane\data\Japan1.tif,1410,1712,1444,1742,plane
C:\gwplane\data\Japan1.tif,1290,1738,1328,1770,plane
C:\gwplane\data\Japan1.tif,1335,1893,1362,1922,plane
C:\gwplane\data\Japan1.tif,1288,1930,1317,1963,plane
C:\gwplane\data\Japan1.tif,1888,1713,1903,1732,plane
C:\gwplane\data\Japan1.tif,1723,1982,1756,2020,plane
C:\gwplane\data\Japan1.tif,3618,1755,3631,1769,plane
C:\gwplane\data\Japan1.tif,74,2242,87,2254,plane
C:\gwplane\data\Japan1.tif,926,2246,960,2279,plane
C:\gwplane\data\Japan1.tif,979,2202,1013,2235,plane
C:\gwplane\data\Japan1.tif,1062,2111,1093,2140,plane
C:\gwplane\data\Japan1.tif,2281,2199,2296,2217,plane
C:\gwplane\data\Japan1.tif,2620,2197,2637,2214,plane
C:\gwplane\data\Japan1.tif,2624,2217,2636,2232,plane
C:\gwplane\data\Japan1.tif,3083,2102,3107,2128,plane
C:\gwplane\data\Japan1.tif,3095,2396,3105,2418,plane
C:\gwplane\data\Japan1.tif,3069,2381,3083,2395,plane
C:\gwplane\data\Japan1.tif,3071,2403,3081,2418,plane
C:\gwplane\data\Japan1.tif,158,2623,171,2642,plane
C:\gwplane\data\Japan1.tif,169,2614,178,2628,plane
C:\gwplane\data\Japan1.tif,180,2660,189,2676,plane
C:\gwplane\data\Japan1.tif,173,3232,183,3245,plane
C:\gwplane\data\Japan1.tif,161,3661,169,3673,plane
C:\gwplane\data\Japan1.tif,170,3672,185,3695,plane
C:\gwplane\data\Japan1.tif,1644,3345,1670,3372,plane
C:\gwplane\data\Japan1.tif,2894,3431,2943,3478,plane
C:\gwplane\data\Japan1.tif,88,3796,120,3817,plane
C:\gwplane\data\Japan1.tif,134,3639,150,3654,plane
C:\gwplane\data\Japan1.tif,165,3708,177,3723,plane
C:\gwplane\data\Japan1.tif,101,3781,120,3792,plane
C:\gwplane\data\Japan1.tif,1547,3957,1561,3971,plane
C:\gwplane\data\huanghua.tif,2078,554,2091,572,plane
C:\gwplane\data\huanghua.tif,1355,1476,1389,1508,plane
C:\gwplane\data\huanghua.tif,1363,1519,1384,1547,plane
C:\gwplane\data\huanghua.tif,1358,1441,1382,1470,plane
C:\gwplane\data\huanghua.tif,1584,1875,1618,1914,plane
C:\gwplane\data\huanghua.tif,1376,1957,1415,1992,plane
C:\gwplane\data\huanghua.tif,1578,1749,1616,1787,plane
C:\gwplane\data\huanghua.tif,1345,1678,1381,1719,plane
C:\gwplane\data\huanghua.tif,1419,1831,1461,1866,plane
C:\gwplane\data\huanghua.tif,1398,2058,1433,2092,plane
C:\gwplane\data\huanghua.tif,1392,1893,1424,1919,plane
C:\gwplane\data\huanghua.tif,1549,1929,1568,1945,plane
C:\gwplane\data\huanghua.tif,1397,1855,1423,1880,plane
C:\gwplane\data\huanghua.tif,1692,1907,1702,1916,plane
C:\gwplane\data\huanghua.tif,1734,1904,1745,1915,plane
C:\gwplane\data\huanghua.tif,1501,2364,1534,2405,plane
C:\gwplane\data\huanghua.tif,1430,2406,1466,2436,plane
C:\gwplane\data\huanghua.tif,1435,2462,1465,2496,plane
C:\gwplane\data\huanghua.tif,1420,2431,1433,2444,plane
C:\gwplane\data\huanghua.tif,1712,2286,1722,2297,plane
C:\gwplane\data\huanghua.tif,1755,2286,1764,2295,plane
C:\gwplane\data\huanghua.tif,1757,2305,1774,2321,plane
C:\gwplane\data\huanghua.tif,2357,2194,2382,2214,plane
C:\gwplane\data\huanghua.tif,962,2838,971,2848,plane
C:\gwplane\data\huanghua.tif,1352,2490,1385,2531,plane
C:\gwplane\data\huanghua.tif,1451,2670,1484,2702,plane
C:\gwplane\data\huanghua.tif,1357,2609,1390,2648,plane
C:\gwplane\data\huanghua.tif,1410,2781,1447,2827,plane
C:\gwplane\data\huanghua.tif,1455,2776,1486,2812,plane
C:\gwplane\data\huanghua.tif,1397,2491,1429,2526,plane
C:\gwplane\data\huanghua.tif,1454,2708,1490,2743,plane
C:\gwplane\data\huanghua.tif,1371,2786,1404,2822,plane
C:\gwplane\data\huanghua.tif,1435,3222,1470,3265,plane
C:\gwplane\data\huanghua.tif,1519,3221,1557,3260,plane
C:\gwplane\data\huanghua.tif,1417,2890,1449,2936,plane
C:\gwplane\data\huanghua.tif,1360,3081,1397,3126,plane
C:\gwplane\data\huanghua.tif,1312,3090,1348,3131,plane
C:\gwplane\data\huanghua.tif,1461,2983,1492,3017,plane
C:\gwplane\data\huanghua.tif,1591,3148,1614,3176,plane
C:\gwplane\data\huanghua.tif,1751,3203,1762,3214,plane
C:\gwplane\data\huanghua.tif,1885,3995,1899,4013,plane
C:\gwplane\data\huanghua.tif,1880,4619,1915,4658,plane
C:\gwplane\data\hongqiao.tif,882,269,894,281,plane
C:\gwplane\data\hongqiao.tif,1394,1640,1432,1675,plane
C:\gwplane\data\hongqiao.tif,1562,1646,1597,1685,plane
C:\gwplane\data\hongqiao.tif,1994,1476,2026,1514,plane
C:\gwplane\data\hongqiao.tif,2173,1591,2206,1639,plane
C:\gwplane\data\hongqiao.tif,1403,1907,1446,1948,plane
C:\gwplane\data\hongqiao.tif,1403,1749,1437,1783,plane
C:\gwplane\data\hongqiao.tif,1420,2248,1458,2279,plane
C:\gwplane\data\hongqiao.tif,1413,2122,1470,2183,plane
C:\gwplane\data\hongqiao.tif,1434,2356,1450,2373,plane
C:\gwplane\data\hongqiao.tif,1451,2352,1476,2383,plane
C:\gwplane\data\hongqiao.tif,1418,2297,1447,2322,plane
C:\gwplane\data\hongqiao.tif,1524,2315,1546,2341,plane
C:\gwplane\data\hongqiao.tif,1451,2296,1469,2317,plane
C:\gwplane\data\hongqiao.tif,1483,2351,1514,2380,plane
C:\gwplane\data\hongqiao.tif,1519,2358,1538,2379,plane
C:\gwplane\data\hongqiao.tif,2626,2156,2640,2172,plane
C:\gwplane\data\hongqiao.tif,2542,2225,2565,2250,plane
C:\gwplane\data\hongqiao.tif,2541,2362,2550,2373,plane
C:\gwplane\data\hongqiao.tif,3113,2410,3144,2453,plane
C:\gwplane\data\hongqiao.tif,150,2654,175,2683,plane
C:\gwplane\data\hongqiao.tif,611,2767,650,2821,plane
C:\gwplane\data\hongqiao.tif,1107,2670,1148,2703,plane
C:\gwplane\data\hongqiao.tif,1114,2748,1153,2780,plane
C:\gwplane\data\hongqiao.tif,1210,2568,1243,2603,plane
C:\gwplane\data\hongqiao.tif,1141,2864,1181,2895,plane
C:\gwplane\data\hongqiao.tif,1114,2787,1154,2821,plane
C:\gwplane\data\hongqiao.tif,1113,2709,1146,2738,plane
C:\gwplane\data\hongqiao.tif,1125,2830,1159,2862,plane
C:\gwplane\data\hongqiao.tif,1473,2537,1525,2606,plane
C:\gwplane\data\hongqiao.tif,1373,2718,1429,2773,plane
C:\gwplane\data\hongqiao.tif,1289,2562,1326,2600,plane
C:\gwplane\data\hongqiao.tif,1484,2886,1496,2899,plane
C:\gwplane\data\hongqiao.tif,2667,2599,2700,2639,plane
C:\gwplane\data\hongqiao.tif,2709,2597,2741,2633,plane
C:\gwplane\data\hongqiao.tif,2555,2661,2564,2672,plane
C:\gwplane\data\hongqiao.tif,3193,2473,3235,2505,plane
C:\gwplane\data\hongqiao.tif,3091,2546,3127,2578,plane
C:\gwplane\data\hongqiao.tif,3170,2541,3202,2574,plane
C:\gwplane\data\hongqiao.tif,3138,2551,3153,2572,plane
C:\gwplane\data\hongqiao.tif,3210,2536,3245,2575,plane
C:\gwplane\data\hongqiao.tif,312,3141,321,3153,plane
C:\gwplane\data\hongqiao.tif,1211,3219,1282,3281,plane
C:\gwplane\data\hongqiao.tif,1237,2908,1271,2949,plane
C:\gwplane\data\hongqiao.tif,1215,3129,1274,3186,plane
C:\gwplane\data\hongqiao.tif,1194,2913,1228,2953,plane
C:\gwplane\data\hongqiao.tif,1274,2893,1300,2934,plane
C:\gwplane\data\hongqiao.tif,1399,2904,1438,2949,plane
C:\gwplane\data\hongqiao.tif,1468,2890,1504,2925,plane
C:\gwplane\data\hongqiao.tif,1282,3078,1315,3112,plane
C:\gwplane\data\hongqiao.tif,1427,3076,1459,3116,plane
C:\gwplane\data\hongqiao.tif,1511,2918,1546,2949,plane
C:\gwplane\data\hongqiao.tif,1493,3079,1525,3113,plane
C:\gwplane\data\hongqiao.tif,1511,2960,1547,2997,plane
C:\gwplane\data\hongqiao.tif,1513,3051,1556,3086,plane
C:\gwplane\data\hongqiao.tif,1516,3007,1552,3039,plane
C:\gwplane\data\hongqiao.tif,1564,3234,1633,3296,plane
C:\gwplane\data\hongqiao.tif,2833,3031,2888,3092,plane
C:\gwplane\data\hongqiao.tif,2983,3030,3019,3074,plane
C:\gwplane\data\hongqiao.tif,2917,3041,2953,3080,plane
C:\gwplane\data\hongqiao.tif,288,3508,297,3520,plane
C:\gwplane\data\hongqiao.tif,309,3507,317,3520,plane
C:\gwplane\data\hongqiao.tif,693,3323,707,3335,plane
C:\gwplane\data\hongqiao.tif,697,3302,710,3315,plane
C:\gwplane\data\hongqiao.tif,708,3301,721,3314,plane
C:\gwplane\data\hongqiao.tif,675,3323,687,3336,plane
C:\gwplane\data\hongqiao.tif,731,3302,744,3314,plane
C:\gwplane\data\hongqiao.tif,663,3304,677,3316,plane
C:\gwplane\data\hongqiao.tif,1228,3616,1262,3657,plane
C:\gwplane\data\hongqiao.tif,1431,3603,1467,3645,plane
C:\gwplane\data\hongqiao.tif,1349,3602,1413,3666,plane
C:\gwplane\data\hongqiao.tif,1507,3608,1541,3652,plane
C:\gwplane\data\hongqiao.tif,1383,3433,1421,3471,plane
C:\gwplane\data\hongqiao.tif,1533,3585,1568,3615,plane
C:\gwplane\data\hongqiao.tif,1500,3332,1542,3368,plane
C:\gwplane\data\hongqiao.tif,1537,3498,1575,3533,plane
C:\gwplane\data\hongqiao.tif,1540,3542,1576,3574,plane
C:\gwplane\data\hongqiao.tif,3752,3484,3762,3494,plane
C:\gwplane\data\hongqiao.tif,682,3687,716,3722,plane
C:\gwplane\data\hongqiao.tif,1159,3705,1201,3740,plane
C:\gwplane\data\hongqiao.tif,1164,3787,1199,3821,plane
C:\gwplane\data\hongqiao.tif,1161,3748,1197,3781,plane
C:\gwplane\data\hongqiao.tif,1268,3967,1295,4002,plane
C:\gwplane\data\hongqiao.tif,1547,4017,1588,4050,plane
C:\gwplane\data\hongqiao.tif,1701,3847,1742,3883,plane
C:\gwplane\data\hongqiao.tif,2670,3686,2706,3717,plane
C:\gwplane\data\hongqiao.tif,2683,3831,2710,3855,plane
C:\gwplane\data\hongqiao.tif,2619,4016,2627,4027,plane
C:\gwplane\data\hongqiao.tif,1614,4218,1649,4254,plane
C:\gwplane\data\hongqiao.tif,2707,4450,2732,4480,plane
C:\gwplane\data\hongqiao.tif,2710,4411,2746,4444,plane
C:\gwplane\data\hongqiao.tif,2686,4263,2710,4287,plane
C:\gwplane\data\hongqiao.tif,2688,4351,2715,4375,plane
C:\gwplane\data\hongqiao.tif,2670,4357,2689,4376,plane
C:\gwplane\data\hongqiao.tif,2716,4309,2741,4331,plane
C:\gwplane\data\hongqiao.tif,2727,4335,2741,4348,plane
C:\gwplane\data\hongqiao.tif,2653,4409,2685,4448,plane
C:\gwplane\data\hongqiao.tif,2685,4314,2716,4343,plane
C:\gwplane\data\hongqiao.tif,2660,4290,2688,4312,plane
C:\gwplane\data\hongqiao.tif,2662,4249,2679,4267,plane
C:\gwplane\data\hongqiao.tif,2714,4270,2732,4288,plane
C:\gwplane\data\hongqiao.tif,2683,4447,2704,4469,plane
C:\gwplane\data\hongqiao.tif,2662,4271,2683,4290,plane
C:\gwplane\data\hongqiao.tif,2719,4372,2740,4394,plane
C:\gwplane\data\hongqiao.tif,2693,4283,2725,4312,plane
C:\gwplane\data\hongqiao.tif,2585,4247,2594,4257,plane
C:\gwplane\data\hongqiao.tif,2672,4376,2701,4404,plane
C:\gwplane\data\hongqiao.tif,2726,4252,2736,4265,plane
C:\gwplane\data\hongqiao.tif,2726,4356,2741,4372,plane
C:\gwplane\data\hongqiao.tif,2668,4327,2685,4347,plane
C:\gwplane\data\hongqiao.tif,2676,4237,2688,4250,plane
C:\gwplane\data\hongqiao.tif,2673,4214,2685,4226,plane
C:\gwplane\data\hongqiao.tif,2690,4248,2705,4259,plane
C:\gwplane\data\hongqiao.tif,2684,4228,2694,4239,plane
C:\gwplane\data\hongqiao.tif,2714,4232,2726,4248,plane
C:\gwplane\data\hongqiao.tif,1548,4654,1591,4688,plane
C:\gwplane\data\hongqiao.tif,1544,4528,1596,4574,plane
C:\gwplane\data\hongqiao.tif,1437,4730,1450,4747,plane
C:\gwplane\data\hongqiao.tif,2602,4609,2610,4619,plane
C:\gwplane\data\hongqiao.tif,1669,5606,1684,5621,plane
C:\gwplane\data\Hongkong.tif,606,1138,626,1155,plane
C:\gwplane\data\Hongkong.tif,898,1088,923,1130,plane
C:\gwplane\data\Hongkong.tif,4692,1259,4709,1279,plane
C:\gwplane\data\Hongkong.tif,6232,1021,6272,1075,plane
C:\gwplane\data\Hongkong.tif,2517,1575,2553,1608,plane
C:\gwplane\data\Hongkong.tif,3233,1460,3267,1493,plane
C:\gwplane\data\Hongkong.tif,3534,1573,3600,1628,plane
C:\gwplane\data\Hongkong.tif,3932,1343,3995,1395,plane
C:\gwplane\data\Hongkong.tif,4003,1527,4058,1581,plane
C:\gwplane\data\Hongkong.tif,3814,1478,3850,1507,plane
C:\gwplane\data\Hongkong.tif,3722,1609,3752,1643,plane
C:\gwplane\data\Hongkong.tif,3821,1515,3860,1548,plane
C:\gwplane\data\Hongkong.tif,3799,1442,3837,1475,plane
C:\gwplane\data\Hongkong.tif,3761,1588,3794,1625,plane
C:\gwplane\data\Hongkong.tif,3784,1570,3807,1593,plane
C:\gwplane\data\Hongkong.tif,1735,1962,1791,2018,plane
C:\gwplane\data\Hongkong.tif,2039,2050,2055,2071,plane
C:\gwplane\data\Hongkong.tif,2415,1999,2474,2050,plane
C:\gwplane\data\Hongkong.tif,2409,1947,2442,1976,plane
C:\gwplane\data\Hongkong.tif,2804,1688,2856,1743,plane
C:\gwplane\data\Hongkong.tif,2848,1970,2882,2000,plane
C:\gwplane\data\Hongkong.tif,2572,1887,2606,1918,plane
C:\gwplane\data\Hongkong.tif,2595,1950,2629,1980,plane
C:\gwplane\data\Hongkong.tif,2616,2010,2645,2042,plane
C:\gwplane\data\Hongkong.tif,3205,2028,3243,2058,plane
C:\gwplane\data\Hongkong.tif,3049,1788,3100,1838,plane
C:\gwplane\data\Hongkong.tif,3027,1937,3054,1972,plane
C:\gwplane\data\Hongkong.tif,3065,1688,3114,1730,plane
C:\gwplane\data\Hongkong.tif,3112,1801,3156,1861,plane
C:\gwplane\data\Hongkong.tif,3177,1674,3217,1729,plane
C:\gwplane\data\Hongkong.tif,2996,1732,3025,1762,plane
C:\gwplane\data\Hongkong.tif,3131,2002,3163,2037,plane
C:\gwplane\data\Hongkong.tif,3226,1862,3274,1921,plane
C:\gwplane\data\Hongkong.tif,3578,1964,3629,2028,plane
C:\gwplane\data\Hongkong.tif,3636,1941,3693,2007,plane
C:\gwplane\data\Hongkong.tif,3371,2020,3424,2063,plane
C:\gwplane\data\Hongkong.tif,3529,1823,3583,1885,plane
C:\gwplane\data\Hongkong.tif,3318,1738,3366,1798,plane
C:\gwplane\data\Hongkong.tif,3389,1776,3434,1832,plane
C:\gwplane\data\Hongkong.tif,3467,1826,3493,1860,plane
C:\gwplane\data\Hongkong.tif,3599,1816,3631,1858,plane
C:\gwplane\data\Hongkong.tif,3654,1781,3697,1842,plane
C:\gwplane\data\Hongkong.tif,3931,1935,3989,1987,plane
C:\gwplane\data\Hongkong.tif,3910,1847,3960,1907,plane
C:\gwplane\data\Hongkong.tif,3764,1897,3819,1964,plane
C:\gwplane\data\Hongkong.tif,3784,1743,3839,1798,plane
C:\gwplane\data\Hongkong.tif,3967,1680,4000,1716,plane
C:\gwplane\data\Hongkong.tif,4065,1853,4100,1911,plane
C:\gwplane\data\Hongkong.tif,4175,2024,4228,2078,plane
C:\gwplane\data\Hongkong.tif,4128,1901,4190,1953,plane
C:\gwplane\data\Hongkong.tif,4151,1964,4212,2017,plane
C:\gwplane\data\Hongkong.tif,4419,1860,4432,1876,plane
C:\gwplane\data\Hongkong.tif,4411,1848,4421,1860,plane
C:\gwplane\data\Hongkong.tif,5227,1689,5241,1702,plane
C:\gwplane\data\Hongkong.tif,1255,2346,1297,2399,plane
C:\gwplane\data\Hongkong.tif,1093,2431,1124,2460,plane
C:\gwplane\data\Hongkong.tif,1616,2410,1683,2466,plane
C:\gwplane\data\Hongkong.tif,1760,2368,1820,2420,plane
C:\gwplane\data\Hongkong.tif,1734,2305,1797,2363,plane
C:\gwplane\data\Hongkong.tif,1736,2248,1776,2280,plane
C:\gwplane\data\Hongkong.tif,2437,2057,2493,2115,plane
C:\gwplane\data\Hongkong.tif,2468,2412,2496,2449,plane
C:\gwplane\data\Hongkong.tif,2464,2137,2493,2166,plane
C:\gwplane\data\Hongkong.tif,2843,2201,2873,2234,plane
C:\gwplane\data\Hongkong.tif,2536,2347,2592,2402,plane
C:\gwplane\data\Hongkong.tif,2639,2127,2695,2181,plane
C:\gwplane\data\Hongkong.tif,2727,2342,2761,2369,plane
C:\gwplane\data\Hongkong.tif,2486,2201,2522,2227,plane
C:\gwplane\data\Hongkong.tif,2686,2216,2718,2243,plane
C:\gwplane\data\Hongkong.tif,2750,2399,2781,2432,plane
C:\gwplane\data\Hongkong.tif,3209,2088,3246,2117,plane
C:\gwplane\data\Hongkong.tif,3128,2248,3148,2268,plane
C:\gwplane\data\Hongkong.tif,2885,2084,2917,2121,plane
C:\gwplane\data\Hongkong.tif,3248,2265,3298,2313,plane
C:\gwplane\data\Hongkong.tif,3486,2116,3543,2164,plane
C:\gwplane\data\Hongkong.tif,3465,2176,3499,2205,plane
C:\gwplane\data\Hongkong.tif,3647,2234,3680,2267,plane
C:\gwplane\data\Hongkong.tif,3337,2078,3393,2127,plane
C:\gwplane\data\Hongkong.tif,3453,2329,3469,2355,plane
C:\gwplane\data\Hongkong.tif,4181,2090,4255,2145,plane
C:\gwplane\data\Hongkong.tif,6696,2385,6747,2443,plane
C:\gwplane\data\Hongkong.tif,6887,2440,6910,2454,plane
C:\gwplane\data\Hongkong.tif,820,2690,846,2712,plane
C:\gwplane\data\Hongkong.tif,857,2477,896,2541,plane
C:\gwplane\data\Hongkong.tif,815,2663,842,2686,plane
C:\gwplane\data\Hongkong.tif,996,2706,1057,2761,plane
C:\gwplane\data\Hongkong.tif,920,2456,975,2521,plane
C:\gwplane\data\Hongkong.tif,884,2651,926,2706,plane
C:\gwplane\data\Hongkong.tif,1017,2633,1048,2662,plane
C:\gwplane\data\Hongkong.tif,1192,2719,1215,2746,plane
C:\gwplane\data\Hongkong.tif,1173,2631,1199,2661,plane
C:\gwplane\data\Hongkong.tif,1265,2550,1294,2581,plane
C:\gwplane\data\Hongkong.tif,1224,2707,1252,2736,plane
C:\gwplane\data\Hongkong.tif,1205,2623,1229,2652,plane
C:\gwplane\data\Hongkong.tif,1240,2621,1258,2640,plane
C:\gwplane\data\Hongkong.tif,1195,2573,1222,2603,plane
C:\gwplane\data\Hongkong.tif,1168,2589,1187,2613,plane
C:\gwplane\data\Hongkong.tif,1233,2561,1260,2588,plane
C:\gwplane\data\Hongkong.tif,1259,2694,1283,2726,plane
C:\gwplane\data\Hongkong.tif,1267,2605,1288,2628,plane
C:\gwplane\data\Hongkong.tif,1416,2515,1468,2564,plane
C:\gwplane\data\Hongkong.tif,1498,2485,1557,2541,plane
C:\gwplane\data\Hongkong.tif,1646,2516,1678,2545,plane
C:\gwplane\data\Hongkong.tif,1325,2842,1379,2894,plane
C:\gwplane\data\Hongkong.tif,1660,2548,1686,2575,plane
C:\gwplane\data\Hongkong.tif,1388,2649,1410,2679,plane
C:\gwplane\data\Hongkong.tif,1636,2480,1667,2509,plane
C:\gwplane\data\Hongkong.tif,1301,2536,1327,2569,plane
C:\gwplane\data\Hongkong.tif,1356,2662,1380,2692,plane
C:\gwplane\data\Hongkong.tif,1321,2673,1347,2704,plane
C:\gwplane\data\Hongkong.tif,1289,2683,1314,2716,plane
C:\gwplane\data\Hongkong.tif,1801,2514,1833,2545,plane
C:\gwplane\data\Hongkong.tif,1826,2485,1856,2514,plane
C:\gwplane\data\Hongkong.tif,2018,2540,2028,2555,plane
C:\gwplane\data\Hongkong.tif,2745,2453,2808,2512,plane
C:\gwplane\data\Hongkong.tif,3782,2567,3836,2622,plane
C:\gwplane\data\Hongkong.tif,3746,2500,3798,2553,plane
C:\gwplane\data\Hongkong.tif,6984,2581,7020,2614,plane
C:\gwplane\data\Hongkong.tif,7062,2628,7095,2664,plane
C:\gwplane\data\Hongkong.tif,769,3211,821,3265,plane
C:\gwplane\data\Hongkong.tif,847,3014,896,3072,plane
C:\gwplane\data\Hongkong.tif,1206,2895,1258,2946,plane
C:\gwplane\data\Hongkong.tif,1064,3111,1118,3167,plane
C:\gwplane\data\Hongkong.tif,1147,2906,1198,2965,plane
C:\gwplane\data\Hongkong.tif,982,2958,1036,3025,plane
C:\gwplane\data\Hongkong.tif,1017,3153,1051,3187,plane
C:\gwplane\data\Hongkong.tif,1257,2864,1296,2923,plane
C:\gwplane\data\Hongkong.tif,957,2963,975,2987,plane
C:\gwplane\data\Hongkong.tif,1256,3108,1267,3119,plane
C:\gwplane\data\Hongkong.tif,1464,2975,1516,3026,plane
C:\gwplane\data\Hongkong.tif,1455,3189,1491,3222,plane
C:\gwplane\data\Hongkong.tif,1396,2988,1449,3052,plane
C:\gwplane\data\Hongkong.tif,1269,3042,1321,3097,plane
C:\gwplane\data\Hongkong.tif,1343,3028,1382,3076,plane
C:\gwplane\data\Hongkong.tif,1641,3156,1652,3168,plane
C:\gwplane\data\Hongkong.tif,2928,3160,2981,3213,plane
C:\gwplane\data\Hongkong.tif,3137,3082,3197,3148,plane
C:\gwplane\data\Hongkong.tif,2994,3138,3040,3188,plane
C:\gwplane\data\Hongkong.tif,3054,3110,3112,3179,plane
C:\gwplane\data\Hongkong.tif,3246,3230,3295,3291,plane
C:\gwplane\data\Hongkong.tif,3260,3041,3296,3099,plane
C:\gwplane\data\Hongkong.tif,3510,3137,3564,3200,plane
C:\gwplane\data\Hongkong.tif,3633,3094,3689,3157,plane
C:\gwplane\data\Hongkong.tif,3367,3188,3419,3247,plane
C:\gwplane\data\Hongkong.tif,3306,3214,3364,3267,plane
C:\gwplane\data\Hongkong.tif,3481,3029,3545,3101,plane
C:\gwplane\data\Hongkong.tif,3613,2975,3641,3003,plane
C:\gwplane\data\Hongkong.tif,6728,2888,6785,2947,plane
C:\gwplane\data\Hongkong.tif,702,3464,748,3523,plane
C:\gwplane\data\Hongkong.tif,860,3561,888,3598,plane
C:\gwplane\data\Hongkong.tif,858,3301,895,3332,plane
C:\gwplane\data\Hongkong.tif,826,3418,853,3450,plane
C:\gwplane\data\Hongkong.tif,964,3360,997,3391,plane
C:\gwplane\data\Hongkong.tif,1781,3426,1843,3482,plane
C:\gwplane\data\Hongkong.tif,1932,3558,1956,3580,plane
C:\gwplane\data\Hongkong.tif,2063,3580,2087,3607,plane
C:\gwplane\data\Hongkong.tif,2038,3479,2067,3511,plane
C:\gwplane\data\Hongkong.tif,2041,3623,2059,3641,plane
C:\gwplane\data\Hongkong.tif,2010,3490,2035,3521,plane
C:\gwplane\data\Hongkong.tif,1983,3639,2005,3666,plane
C:\gwplane\data\Hongkong.tif,1914,3536,1936,3556,plane
C:\gwplane\data\Hongkong.tif,1957,3599,1983,3625,plane
C:\gwplane\data\Hongkong.tif,2071,3470,2096,3495,plane
C:\gwplane\data\Hongkong.tif,1855,3657,1867,3675,plane
C:\gwplane\data\Hongkong.tif,1911,3514,1928,3531,plane
C:\gwplane\data\Hongkong.tif,2074,3556,2097,3583,plane
C:\gwplane\data\Hongkong.tif,2066,3490,2084,3512,plane
C:\gwplane\data\Hongkong.tif,2042,3586,2058,3603,plane
C:\gwplane\data\Hongkong.tif,2026,3576,2045,3592,plane
C:\gwplane\data\Hongkong.tif,1878,3639,1899,3668,plane
C:\gwplane\data\Hongkong.tif,2122,3465,2147,3494,plane
C:\gwplane\data\Hongkong.tif,2142,3493,2171,3520,plane
C:\gwplane\data\Hongkong.tif,2135,3449,2158,3465,plane
C:\gwplane\data\Hongkong.tif,2096,3474,2117,3503,plane
C:\gwplane\data\Hongkong.tif,2091,3571,2114,3601,plane
C:\gwplane\data\Hongkong.tif,2709,3518,2776,3571,plane
C:\gwplane\data\Hongkong.tif,2842,3372,2893,3434,plane
C:\gwplane\data\Hongkong.tif,2591,3612,2643,3653,plane
C:\gwplane\data\Hongkong.tif,2558,3507,2609,3552,plane
C:\gwplane\data\Hongkong.tif,2576,3561,2618,3606,plane
C:\gwplane\data\Hongkong.tif,3104,3274,3158,3340,plane
C:\gwplane\data\Hongkong.tif,2982,3329,3035,3381,plane
C:\gwplane\data\Hongkong.tif,3042,3302,3097,3364,plane
C:\gwplane\data\Hongkong.tif,3257,3594,3283,3623,plane
C:\gwplane\data\Hongkong.tif,4063,3447,4080,3464,plane
C:\gwplane\data\Hongkong.tif,4056,3486,4065,3496,plane
C:\gwplane\data\Hongkong.tif,4861,3354,4878,3369,plane
C:\gwplane\data\Hongkong.tif,6774,3486,6785,3494,plane
C:\gwplane\data\Hongkong.tif,1901,3885,1936,3920,plane
C:\gwplane\data\Hongkong.tif,4695,3804,4728,3857,plane
C:\gwplane\data\Hongkong.tif,139,4930,151,4941,plane
C:\gwplane\data\Birmingham.tif,3285,636,3302,652,plane
C:\gwplane\data\Birmingham.tif,6501,1165,6517,1191,plane
C:\gwplane\data\Birmingham.tif,6874,1234,6918,1280,plane
C:\gwplane\data\Birmingham.tif,441,1646,472,1683,plane
C:\gwplane\data\Birmingham.tif,3208,1953,3285,2028,plane
C:\gwplane\data\Birmingham.tif,4723,1975,4737,1988,plane
C:\gwplane\data\Birmingham.tif,4706,1965,4718,1976,plane
C:\gwplane\data\Birmingham.tif,4801,1761,4813,1772,plane
C:\gwplane\data\Birmingham.tif,4828,1746,4840,1757,plane
C:\gwplane\data\Birmingham.tif,1812,2418,1828,2433,plane
C:\gwplane\data\Birmingham.tif,4848,2326,4866,2347,plane
C:\gwplane\data\Birmingham.tif,6599,2144,6610,2156,plane
C:\gwplane\data\Birmingham.tif,1379,2851,1404,2888,plane
C:\gwplane\data\Birmingham.tif,3189,2689,3235,2742,plane
C:\gwplane\data\Birmingham.tif,3090,2758,3133,2807,plane
C:\gwplane\data\Birmingham.tif,3191,2508,3244,2546,plane
C:\gwplane\data\Birmingham.tif,3074,2567,3120,2623,plane
C:\gwplane\data\Birmingham.tif,3140,2720,3182,2776,plane
C:\gwplane\data\Birmingham.tif,3289,2628,3330,2669,plane
C:\gwplane\data\Birmingham.tif,3457,2755,3504,2805,plane
C:\gwplane\data\Birmingham.tif,3733,2768,3756,2783,plane
C:\gwplane\data\Birmingham.tif,5674,2432,5739,2500,plane
C:\gwplane\data\Birmingham.tif,1547,3004,1559,3018,plane
C:\gwplane\data\Birmingham.tif,2928,2855,2973,2911,plane
C:\gwplane\data\Birmingham.tif,3051,3182,3084,3213,plane
C:\gwplane\data\Birmingham.tif,3163,3197,3210,3247,plane
C:\gwplane\data\Birmingham.tif,3063,3050,3103,3085,plane
C:\gwplane\data\Birmingham.tif,3398,3261,3438,3295,plane
C:\gwplane\data\Birmingham.tif,3497,3201,3529,3237,plane
C:\gwplane\data\Birmingham.tif,3454,3240,3481,3265,plane
C:\gwplane\data\Birmingham.tif,4499,2948,4512,2961,plane
C:\gwplane\data\Birmingham.tif,1562,3252,1625,3315,plane
C:\gwplane\data\Birmingham.tif,1381,3592,1397,3607,plane
C:\gwplane\data\Birmingham.tif,1672,3682,1681,3693,plane
C:\gwplane\data\Birmingham.tif,1802,3319,1836,3357,plane
C:\gwplane\data\Birmingham.tif,1961,3307,1978,3323,plane
C:\gwplane\data\Birmingham.tif,1914,3400,1930,3422,plane
C:\gwplane\data\Birmingham.tif,1920,3325,1938,3344,plane
C:\gwplane\data\Birmingham.tif,2068,3501,2094,3532,plane
C:\gwplane\data\Birmingham.tif,2080,3443,2124,3482,plane
C:\gwplane\data\Birmingham.tif,3564,3405,3596,3443,plane
C:\gwplane\data\Birmingham.tif,3353,3528,3395,3574,plane
C:\gwplane\data\Birmingham.tif,3584,3560,3618,3597,plane
C:\gwplane\data\Birmingham.tif,3383,3423,3430,3456,plane
C:\gwplane\data\Birmingham.tif,3420,3647,3473,3693,plane
C:\gwplane\data\Birmingham.tif,3629,3523,3666,3563,plane
C:\gwplane\data\Birmingham.tif,3680,3496,3719,3536,plane
C:\gwplane\data\Birmingham.tif,4752,3374,4764,3385,plane
C:\gwplane\data\Birmingham.tif,1380,3688,1390,3699,plane
C:\gwplane\data\Birmingham.tif,3883,3766,3900,3782,plane
C:\gwplane\data\Birmingham.tif,6945,3743,7009,3811,plane
C:\gwplane\data\Birmingham.tif,1464,4360,1483,4384,plane
C:\gwplane\data\Birmingham.tif,3783,4450,3796,4462,plane
C:\gwplane\data\Birmingham.tif,4343,4409,4355,4418,plane
C:\gwplane\data\Birmingham.tif,6225,4330,6253,4359,plane
C:\gwplane\data\Birmingham.tif,703,4707,720,4733,plane
C:\gwplane\data\Birmingham.tif,3548,4602,3563,4614,plane
C:\gwplane\data\Birmingham.tif,5942,4827,5952,4840,plane
C:\gwplane\data\Birmingham.tif,5958,4838,5977,4860,plane
C:\gwplane\data\Birmingham.tif,2058,4968,2070,4986,plane
C:\gwplane\data\Birmingham.tif,2029,5039,2039,5052,plane
C:\gwplane\data\Birmingham.tif,2171,5054,2204,5089,plane
C:\gwplane\data\Birmingham.tif,2062,5049,2101,5091,plane
C:\gwplane\data\Birmingham.tif,63,5521,141,5600,plane
C:\gwplane\data\Birmingham.tif,4685,5651,4715,5674,plane
C:\gwplane\data\Birmingham.tif,2840,5731,2856,5756,plane
C:\gwplane\data\Birmingham.tif,4916,5993,4965,6040,plane
C:\gwplane\data\binhai.tif,794,876,815,898,plane
C:\gwplane\data\binhai.tif,1667,845,1700,886,plane
C:\gwplane\data\binhai.tif,3904,858,3931,895,plane
C:\gwplane\data\binhai.tif,326,1282,338,1292,plane
C:\gwplane\data\binhai.tif,1121,1082,1185,1151,plane
C:\gwplane\data\binhai.tif,1860,1228,1914,1269,plane
C:\gwplane\data\binhai.tif,1748,1263,1758,1278,plane
C:\gwplane\data\binhai.tif,2192,1083,2243,1142,plane
C:\gwplane\data\binhai.tif,1542,1653,1571,1679,plane
C:\gwplane\data\binhai.tif,1289,1577,1309,1597,plane
C:\gwplane\data\binhai.tif,5976,1404,6002,1433,plane
C:\gwplane\data\binhai.tif,1635,2037,1667,2072,plane
C:\gwplane\data\binhai.tif,2701,2008,2733,2030,plane
C:\gwplane\data\binhai.tif,3038,1606,3070,1628,plane
C:\gwplane\data\binhai.tif,3424,1892,3447,1911,plane
C:\gwplane\data\binhai.tif,1744,2257,1788,2294,plane
C:\gwplane\data\binhai.tif,1685,2154,1713,2175,plane
C:\gwplane\data\binhai.tif,1715,2210,1744,2233,plane
C:\gwplane\data\binhai.tif,2286,2406,2339,2481,plane
C:\gwplane\data\binhai.tif,2800,2382,2827,2405,plane
C:\gwplane\data\binhai.tif,2737,2082,2767,2102,plane
C:\gwplane\data\binhai.tif,3631,2223,3675,2264,plane
C:\gwplane\data\binhai.tif,3420,2380,3461,2417,plane
C:\gwplane\data\binhai.tif,3638,2295,3681,2337,plane
C:\gwplane\data\binhai.tif,3452,2414,3481,2448,plane
C:\gwplane\data\binhai.tif,3683,2146,3715,2189,plane
C:\gwplane\data\binhai.tif,2116,2831,2142,2857,plane
C:\gwplane\data\binhai.tif,2134,2866,2155,2891,plane
C:\gwplane\data\binhai.tif,2100,2805,2125,2826,plane
C:\gwplane\data\binhai.tif,3145,2806,3173,2837,plane
C:\gwplane\data\binhai.tif,2985,2562,3028,2604,plane
C:\gwplane\data\binhai.tif,3130,2850,3176,2890,plane
C:\gwplane\data\binhai.tif,3144,2574,3191,2616,plane
C:\gwplane\data\binhai.tif,3126,2551,3162,2583,plane
C:\gwplane\data\binhai.tif,3014,2605,3078,2687,plane
C:\gwplane\data\binhai.tif,3514,2788,3552,2828,plane
C:\gwplane\data\binhai.tif,3534,2590,3575,2631,plane
C:\gwplane\data\binhai.tif,3508,2547,3543,2582,plane
C:\gwplane\data\binhai.tif,3485,2504,3526,2540,plane
C:\gwplane\data\binhai.tif,3789,2522,3824,2569,plane
C:\gwplane\data\binhai.tif,3845,2743,3881,2784,plane
C:\gwplane\data\binhai.tif,3867,2561,3910,2598,plane
C:\gwplane\data\binhai.tif,2046,3033,2083,3073,plane
C:\gwplane\data\binhai.tif,2205,3022,2243,3051,plane
C:\gwplane\data\binhai.tif,2236,3089,2269,3119,plane
C:\gwplane\data\binhai.tif,2149,2897,2178,2921,plane
C:\gwplane\data\binhai.tif,2163,2931,2187,2955,plane
C:\gwplane\data\binhai.tif,2219,3058,2250,3085,plane
C:\gwplane\data\binhai.tif,2147,3231,2180,3255,plane
C:\gwplane\data\binhai.tif,2178,2963,2205,2985,plane
C:\gwplane\data\binhai.tif,2265,3157,2293,3181,plane
C:\gwplane\data\binhai.tif,3601,3016,3637,3062,plane
C:\gwplane\data\binhai.tif,3667,2914,3698,2949,plane
C:\gwplane\data\binhai.tif,3855,2889,3898,2936,plane
C:\gwplane\data\binhai.tif,3900,2872,3934,2914,plane
C:\gwplane\data\binhai.tif,3741,2959,3768,2994,plane
C:\gwplane\data\binhai.tif,2388,3354,2426,3386,plane
C:\gwplane\data\binhai.tif,2368,3317,2407,3348,plane
C:\gwplane\data\binhai.tif,2457,3478,2482,3500,plane
C:\gwplane\data\binhai.tif,2471,3506,2494,3529,plane
C:\gwplane\data\binhai.tif,2440,3450,2468,3473,plane
C:\gwplane\data\binhai.tif,2485,3536,2499,3556,plane
C:\gwplane\data\binhai.tif,2176,3621,2193,3640,plane
C:\gwplane\data\binhai.tif,2541,3647,2560,3666,plane
C:\gwplane\data\binhai.tif,2523,3622,2541,3642,plane
C:\gwplane\data\binhai.tif,2500,3563,2522,3585,plane
C:\gwplane\data\binhai.tif,2511,3590,2535,3613,plane
C:\gwplane\data\binhai.tif,2563,3677,2575,3691,plane
C:\gwplane\data\binhai.tif,2615,3789,2629,3806,plane
C:\gwplane\data\binhai.tif,2587,3731,2606,3747,plane
C:\gwplane\data\binhai.tif,2602,3761,2615,3774,plane
C:\gwplane\data\binhai.tif,5312,3810,5334,3843,plane
C:\gwplane\data\binhai.tif,5376,3955,5403,3983,plane
C:\gwplane\data\binhai.tif,600,4420,617,4436,plane
C:\gwplane\data\binhai.tif,2683,4345,2714,4387,plane
C:\gwplane\data\binhai.tif,2713,4407,2742,4436,plane
C:\gwplane\data\binhai.tif,2781,4197,2800,4212,plane
C:\gwplane\data\binhai.tif,2757,4205,2778,4223,plane
C:\gwplane\data\binhai.tif,2734,4214,2752,4231,plane
C:\gwplane\data\binhai.tif,2709,4225,2731,4247,plane
C:\gwplane\data\binhai.tif,2790,4361,2828,4398,plane
C:\gwplane\data\binhai.tif,2722,4456,2755,4496,plane
C:\gwplane\data\binhai.tif,2824,4342,2855,4379,plane
C:\gwplane\data\binhai.tif,2830,4296,2858,4320,plane
C:\gwplane\data\binhai.tif,2747,4393,2772,4422,plane
C:\gwplane\data\binhai.tif,2782,4286,2819,4337,plane
C:\gwplane\data\binhai.tif,2735,4303,2785,4368,plane
C:\gwplane\data\binhai.tif,2841,4273,2850,4286,plane
C:\gwplane\data\binhai.tif,2830,4282,2843,4295,plane
C:\gwplane\data\binhai.tif,3200,4314,3214,4340,plane
C:\gwplane\data\binhai.tif,1477,4672,1488,4682,plane
C:\gwplane\data\binhai.tif,1971,4745,1980,4755,plane
C:\gwplane\data\binhai.tif,5778,4778,5790,4790,plane
C:\gwplane\data\binhai.tif,2922,5166,2934,5174,plane
C:\gwplane\data\binhai.tif,1630,5400,1650,5423,plane
C:\gwplane\data\Berlin.tif,4086,356,4099,366,plane
C:\gwplane\data\Berlin.tif,4199,210,4247,252,plane
C:\gwplane\data\Berlin.tif,4239,267,4250,280,plane
C:\gwplane\data\Berlin.tif,4271,252,4284,267,plane
C:\gwplane\data\Berlin.tif,4208,385,4219,396,plane
C:\gwplane\data\Berlin.tif,4218,429,4232,445,plane
C:\gwplane\data\Berlin.tif,4224,381,4237,394,plane
C:\gwplane\data\Berlin.tif,6264,404,6299,436,plane
C:\gwplane\data\Berlin.tif,3267,801,3277,814,plane
C:\gwplane\data\Berlin.tif,3121,630,3131,643,plane
C:\gwplane\data\Berlin.tif,4256,537,4314,578,plane
C:\gwplane\data\Berlin.tif,1881,1623,1922,1663,plane
C:\gwplane\data\Berlin.tif,4612,1606,4648,1650,plane
C:\gwplane\data\Berlin.tif,4669,1593,4700,1626,plane
C:\gwplane\data\Berlin.tif,4809,1529,4842,1570,plane
C:\gwplane\data\Berlin.tif,4766,1554,4800,1590,plane
C:\gwplane\data\Berlin.tif,4711,1582,4734,1611,plane
C:\gwplane\data\Berlin.tif,5035,1554,5071,1586,plane
C:\gwplane\data\Berlin.tif,4976,1494,5005,1527,plane
C:\gwplane\data\Berlin.tif,5072,1496,5111,1530,plane
C:\gwplane\data\Berlin.tif,5002,1458,5041,1502,plane
C:\gwplane\data\Berlin.tif,5220,1556,5238,1571,plane
C:\gwplane\data\Berlin.tif,5057,1451,5083,1481,plane
C:\gwplane\data\Berlin.tif,6809,1315,6821,1328,plane
C:\gwplane\data\Berlin.tif,1399,2007,1453,2051,plane
C:\gwplane\data\Berlin.tif,2445,1895,2459,1909,plane
C:\gwplane\data\Berlin.tif,4078,1826,4089,1838,plane
C:\gwplane\data\Berlin.tif,4008,1900,4018,1913,plane
C:\gwplane\data\Berlin.tif,4469,1890,4490,1915,plane
C:\gwplane\data\Berlin.tif,4543,1829,4574,1862,plane
C:\gwplane\data\Berlin.tif,4491,1874,4528,1912,plane
C:\gwplane\data\Berlin.tif,4712,1813,4737,1839,plane
C:\gwplane\data\Berlin.tif,4649,1805,4667,1829,plane
C:\gwplane\data\Berlin.tif,4570,1956,4597,1986,plane
C:\gwplane\data\Berlin.tif,4594,1925,4618,1958,plane
C:\gwplane\data\Berlin.tif,4507,1793,4521,1805,plane
C:\gwplane\data\Berlin.tif,4687,1743,4706,1765,plane
C:\gwplane\data\Berlin.tif,4774,1752,4790,1770,plane
C:\gwplane\data\Berlin.tif,4701,1770,4718,1791,plane
C:\gwplane\data\Berlin.tif,4524,1783,4536,1796,plane
C:\gwplane\data\Berlin.tif,4511,1855,4535,1882,plane
C:\gwplane\data\Berlin.tif,4499,1738,4515,1750,plane
C:\gwplane\data\Berlin.tif,1281,2143,1292,2156,plane
C:\gwplane\data\Berlin.tif,1611,2178,1622,2196,plane
C:\gwplane\data\Berlin.tif,1301,2092,1311,2105,plane
C:\gwplane\data\Berlin.tif,3457,2368,3486,2407,plane
C:\gwplane\data\Berlin.tif,3339,2410,3374,2452,plane
C:\gwplane\data\Berlin.tif,3508,2347,3541,2387,plane
C:\gwplane\data\Berlin.tif,3355,2466,3368,2478,plane
C:\gwplane\data\Berlin.tif,4077,2101,4095,2122,plane
C:\gwplane\data\Berlin.tif,4085,2125,4099,2138,plane
C:\gwplane\data\Berlin.tif,5994,2208,6008,2222,plane
C:\gwplane\data\Berlin.tif,518,2746,529,2763,plane
C:\gwplane\data\Berlin.tif,2112,2801,2169,2846,plane
C:\gwplane\data\Berlin.tif,2753,2771,2765,2784,plane
C:\gwplane\data\Berlin.tif,2258,3154,2306,3192,plane
C:\gwplane\data\Berlin.tif,2183,2946,2228,2978,plane
C:\gwplane\data\Berlin.tif,2149,2881,2203,2930,plane
C:\gwplane\data\Berlin.tif,2229,3080,2275,3126,plane
C:\gwplane\data\Berlin.tif,2378,3209,2391,3223,plane
C:\gwplane\data\Berlin.tif,2937,3075,2970,3113,plane
C:\gwplane\data\Berlin.tif,3003,3060,3037,3088,plane
C:\gwplane\data\Berlin.tif,3183,3064,3220,3104,plane
C:\gwplane\data\Berlin.tif,2875,3105,2910,3132,plane
C:\gwplane\data\Berlin.tif,3073,3254,3106,3273,plane
C:\gwplane\data\Berlin.tif,4820,3244,4832,3255,plane
C:\gwplane\data\Berlin.tif,2472,3311,2483,3335,plane
C:\gwplane\data\Berlin.tif,2219,3267,2230,3282,plane
C:\gwplane\data\Berlin.tif,2948,3300,2981,3324,plane
C:\gwplane\data\Berlin.tif,4207,3427,4218,3445,plane
C:\gwplane\data\Berlin.tif,4227,3429,4239,3442,plane
C:\gwplane\data\Berlin.tif,4705,3627,4718,3640,plane
C:\gwplane\data\Berlin.tif,3133,3776,3165,3797,plane
C:\gwplane\data\Berlin.tif,3178,4074,3193,4085,plane
C:\gwplane\data\Berlin.tif,3192,3746,3225,3774,plane
C:\gwplane\data\Berlin.tif,3258,3725,3295,3749,plane
C:\gwplane\data\Berlin.tif,3131,3948,3143,3957,plane
C:\gwplane\data\Berlin.tif,3312,4024,3321,4036,plane
C:\gwplane\data\Berlin.tif,3424,3820,3432,3831,plane
C:\gwplane\data\Berlin.tif,4616,3734,4626,3743,plane
C:\gwplane\data\Berlin.tif,4734,3680,4743,3691,plane
C:\gwplane\data\Berlin.tif,4633,3916,4696,3966,plane
C:\gwplane\data\Berlin.tif,5226,3716,5234,3729,plane
C:\gwplane\data\Berlin.tif,1358,4164,1369,4179,plane
C:\gwplane\data\Berlin.tif,4340,4177,4369,4212,plane
C:\gwplane\data\Berlin.tif,4435,4270,4467,4299,plane
C:\gwplane\data\Berlin.tif,4679,4267,4699,4292,plane
C:\gwplane\data\Berlin.tif,2041,4700,2054,4711,plane
C:\gwplane\data\Berlin.tif,3135,4651,3160,4681,plane
C:\gwplane\data\Berlin.tif,701,5171,710,5181,plane
C:\gwplane\data\Berlin.tif,1244,5053,1253,5064,plane
C:\gwplane\data\Berlin.tif,1688,5065,1743,5106,plane
C:\gwplane\data\Berlin.tif,2121,4899,2177,4941,plane
C:\gwplane\data\Berlin.tif,535,5514,583,5556,plane
C:\gwplane\data\Berlin.tif,913,5366,965,5411,plane
C:\gwplane\data\Berlin.tif,1369,5336,1393,5366,plane
C:\gwplane\data\Berlin.tif,6140,5554,6189,5586,plane
C:\gwplane\data\baoan.tif,3156,583,3167,597,plane
C:\gwplane\data\baoan.tif,3155,601,3175,616,plane
C:\gwplane\data\baoan.tif,2643,1226,2661,1243,plane
C:\gwplane\data\baoan.tif,2456,1283,2483,1312,plane
C:\gwplane\data\baoan.tif,2562,1369,2620,1417,plane
C:\gwplane\data\baoan.tif,2647,1327,2671,1355,plane
C:\gwplane\data\baoan.tif,2623,1486,2645,1508,plane
C:\gwplane\data\baoan.tif,2605,1441,2618,1454,plane
C:\gwplane\data\baoan.tif,3467,1423,3486,1441,plane
C:\gwplane\data\baoan.tif,3453,1401,3464,1414,plane
C:\gwplane\data\baoan.tif,1398,2003,1419,2020,plane
C:\gwplane\data\baoan.tif,2746,1717,2777,1748,plane
C:\gwplane\data\baoan.tif,2805,1832,2827,1859,plane
C:\gwplane\data\baoan.tif,2858,1821,2877,1844,plane
C:\gwplane\data\baoan.tif,2774,1807,2794,1823,plane
C:\gwplane\data\baoan.tif,2757,1768,2778,1790,plane
C:\gwplane\data\baoan.tif,2875,2000,2897,2024,plane
C:\gwplane\data\baoan.tif,2881,1811,2897,1833,plane
C:\gwplane\data\baoan.tif,3033,1720,3056,1743,plane
C:\gwplane\data\baoan.tif,3008,1948,3037,1981,plane
C:\gwplane\data\baoan.tif,3145,1864,3171,1892,plane
C:\gwplane\data\baoan.tif,3238,1974,3261,1997,plane
C:\gwplane\data\baoan.tif,3037,2037,3054,2056,plane
C:\gwplane\data\baoan.tif,2951,1764,2970,1788,plane
C:\gwplane\data\baoan.tif,2900,1788,2918,1816,plane
C:\gwplane\data\baoan.tif,3136,2040,3156,2062,plane
C:\gwplane\data\baoan.tif,3186,2001,3208,2030,plane
C:\gwplane\data\baoan.tif,2890,2037,2916,2063,plane
C:\gwplane\data\baoan.tif,3101,1890,3118,1908,plane
C:\gwplane\data\baoan.tif,3126,1880,3143,1899,plane
C:\gwplane\data\baoan.tif,3079,1902,3095,1918,plane
C:\gwplane\data\baoan.tif,3213,1988,3234,2013,plane
C:\gwplane\data\baoan.tif,3052,1910,3067,1928,plane
C:\gwplane\data\baoan.tif,3008,1732,3029,1761,plane
C:\gwplane\data\baoan.tif,2979,1747,3002,1773,plane
C:\gwplane\data\baoan.tif,3010,1999,3042,2023,plane
C:\gwplane\data\baoan.tif,3026,1923,3044,1946,plane
C:\gwplane\data\baoan.tif,3068,2069,3083,2086,plane
C:\gwplane\data\baoan.tif,3116,2058,3132,2077,plane
C:\gwplane\data\baoan.tif,2911,2077,2934,2099,plane
C:\gwplane\data\baoan.tif,1104,2273,1162,2328,plane
C:\gwplane\data\baoan.tif,2371,2428,2428,2472,plane
C:\gwplane\data\baoan.tif,3232,2389,3281,2425,plane
C:\gwplane\data\baoan.tif,3205,2326,3246,2361,plane
C:\gwplane\data\baoan.tif,2946,2148,2975,2177,plane
C:\gwplane\data\baoan.tif,3263,2445,3300,2484,plane
C:\gwplane\data\baoan.tif,2932,2116,2955,2130,plane
C:\gwplane\data\baoan.tif,1122,2668,1146,2691,plane
C:\gwplane\data\baoan.tif,1164,2751,1188,2775,plane
C:\gwplane\data\baoan.tif,1156,2737,1179,2758,plane
C:\gwplane\data\baoan.tif,1711,2669,1740,2694,plane
C:\gwplane\data\baoan.tif,1806,2546,1816,2560,plane
C:\gwplane\data\baoan.tif,2460,2703,2493,2746,plane
C:\gwplane\data\baoan.tif,2472,2831,2496,2863,plane
C:\gwplane\data\baoan.tif,2618,2617,2650,2652,plane
C:\gwplane\data\baoan.tif,2709,2873,2744,2900,plane
C:\gwplane\data\baoan.tif,3153,2519,3180,2546,plane
C:\gwplane\data\baoan.tif,3175,2570,3207,2598,plane
C:\gwplane\data\baoan.tif,3261,2733,3291,2761,plane
C:\gwplane\data\baoan.tif,3237,2683,3269,2709,plane
C:\gwplane\data\baoan.tif,3358,2632,3399,2664,plane
C:\gwplane\data\baoan.tif,3408,2750,3467,2796,plane
C:\gwplane\data\baoan.tif,3287,2785,3314,2808,plane
C:\gwplane\data\baoan.tif,3331,2576,3364,2599,plane
C:\gwplane\data\baoan.tif,2043,3135,2082,3166,plane
C:\gwplane\data\baoan.tif,2088,3249,2121,3285,plane
C:\gwplane\data\baoan.tif,2419,3011,2455,3040,plane
C:\gwplane\data\baoan.tif,2167,3119,2199,3149,plane
C:\gwplane\data\baoan.tif,2278,2950,2311,2981,plane
C:\gwplane\data\baoan.tif,2383,3084,2418,3120,plane
C:\gwplane\data\baoan.tif,2338,3074,2367,3105,plane
C:\gwplane\data\baoan.tif,2431,3080,2463,3107,plane
C:\gwplane\data\baoan.tif,2606,3044,2657,3091,plane
C:\gwplane\data\baoan.tif,2553,3211,2581,3247,plane
C:\gwplane\data\baoan.tif,2589,3195,2618,3230,plane
C:\gwplane\data\baoan.tif,2556,3018,2586,3054,plane
C:\gwplane\data\baoan.tif,2650,3129,2682,3162,plane
C:\gwplane\data\baoan.tif,2504,3038,2538,3072,plane
C:\gwplane\data\baoan.tif,2927,3228,2958,3265,plane
C:\gwplane\data\baoan.tif,3650,3169,3687,3199,plane
C:\gwplane\data\baoan.tif,3359,2930,3388,2958,plane
C:\gwplane\data\baoan.tif,3577,3080,3605,3109,plane
C:\gwplane\data\baoan.tif,3673,3215,3700,3246,plane
C:\gwplane\data\baoan.tif,1975,3313,2010,3340,plane
C:\gwplane\data\baoan.tif,2015,3285,2047,3324,plane
C:\gwplane\data\baoan.tif,1749,3303,1780,3334,plane
C:\gwplane\data\baoan.tif,2042,3428,2072,3462,plane
C:\gwplane\data\baoan.tif,2330,3453,2379,3501,plane
C:\gwplane\data\baoan.tif,2208,3382,2239,3422,plane
C:\gwplane\data\baoan.tif,2461,3308,2495,3344,plane
C:\gwplane\data\baoan.tif,2252,3369,2285,3400,plane
C:\gwplane\data\baoan.tif,2299,3405,2329,3438,plane
C:\gwplane\data\baoan.tif,2711,3478,2745,3520,plane
C:\gwplane\data\baoan.tif,2573,3492,2617,3548,plane
C:\gwplane\data\baoan.tif,2483,3372,2523,3404,plane
C:\gwplane\data\baoan.tif,2677,3504,2708,3539,plane
C:\gwplane\data\baoan.tif,2873,3568,2897,3603,plane
C:\gwplane\data\baoan.tif,2892,3609,2944,3664,plane
C:\gwplane\data\baoan.tif,3285,3524,3300,3551,plane
C:\gwplane\data\baoan.tif,3476,3508,3499,3531,plane
C:\gwplane\data\baoan.tif,3694,3557,3716,3583,plane
C:\gwplane\data\baoan.tif,4080,3335,4099,3351,plane
C:\gwplane\data\baoan.tif,4175,3492,4203,3527,plane
C:\gwplane\data\baoan.tif,4100,3339,4111,3349,plane
C:\gwplane\data\baoan.tif,2282,3715,2326,3768,plane
C:\gwplane\data\baoan.tif,3168,3903,3200,3935,plane
C:\gwplane\data\baoan.tif,3643,3888,3673,3918,plane
C:\gwplane\data\baoan.tif,3952,3793,4003,3833,plane
C:\gwplane\data\baoan.tif,4021,3928,4064,3964,plane
C:\gwplane\data\baoan.tif,3981,3855,4035,3899,plane
C:\gwplane\data\baoan.tif,3849,3875,3885,3907,plane
C:\gwplane\data\baoan.tif,4052,3990,4093,4022,plane
C:\gwplane\data\baoan.tif,3937,4024,3949,4038,plane
C:\gwplane\data\baoan.tif,1941,4079,1959,4101,plane
C:\gwplane\data\baoan.tif,3101,4317,3111,4332,plane
C:\gwplane\data\baoan.tif,3346,4449,3377,4478,plane
C:\gwplane\data\baoan.tif,3317,4387,3348,4415,plane
C:\gwplane\data\baoan.tif,4758,4308,4806,4349,plane
C:\gwplane\data\baoan.tif,2508,4567,2528,4587,plane
C:\gwplane\data\baoan.tif,3213,4533,3221,4548,plane
C:\gwplane\data\baoan.tif,3245,4514,3255,4530,plane
C:\gwplane\data\baoan.tif,3439,4626,3486,4676,plane
C:\gwplane\data\baoan.tif,3374,4508,3417,4545,plane
C:\gwplane\data\baoan.tif,3534,4823,3568,4856,plane
C:\gwplane\data\baoan.tif,3505,4763,3536,4794,plane
C:\gwplane\data\baoan.tif,3408,4576,3435,4600,plane
C:\gwplane\data\baoan.tif,3453,5014,3462,5028,plane
C:\gwplane\data\baoan.tif,3485,4994,3495,5010,plane
C:\gwplane\data\Amsterdam.tif,1590,301,1609,325,plane
C:\gwplane\data\Amsterdam.tif,2077,137,2134,195,plane
C:\gwplane\data\Amsterdam.tif,4647,636,4694,682,plane
C:\gwplane\data\Amsterdam.tif,4897,767,4934,828,plane
C:\gwplane\data\Amsterdam.tif,5008,823,5024,835,plane
C:\gwplane\data\Amsterdam.tif,1590,1071,1661,1156,plane
C:\gwplane\data\Amsterdam.tif,1584,1062,1596,1072,plane
C:\gwplane\data\Amsterdam.tif,1865,1065,1945,1140,plane
C:\gwplane\data\Amsterdam.tif,1839,1176,1940,1257,plane
C:\gwplane\data\Amsterdam.tif,2000,1081,2100,1174,plane
C:\gwplane\data\Amsterdam.tif,2389,1001,2491,1079,plane
C:\gwplane\data\Amsterdam.tif,2421,1196,2500,1280,plane
C:\gwplane\data\Amsterdam.tif,2634,1080,2740,1166,plane
C:\gwplane\data\Amsterdam.tif,2662,989,2731,1045,plane
C:\gwplane\data\Amsterdam.tif,2652,1182,2737,1267,plane
C:\gwplane\data\Amsterdam.tif,3108,1212,3211,1287,plane
C:\gwplane\data\Amsterdam.tif,2880,1064,2953,1136,plane
C:\gwplane\data\Amsterdam.tif,3098,1106,3182,1175,plane
C:\gwplane\data\Amsterdam.tif,3212,942,3281,1032,plane
C:\gwplane\data\Amsterdam.tif,3327,939,3397,1027,plane
C:\gwplane\data\Amsterdam.tif,3331,1165,3410,1249,plane
C:\gwplane\data\Amsterdam.tif,3552,1197,3652,1268,plane
C:\gwplane\data\Amsterdam.tif,3351,1058,3424,1138,plane
C:\gwplane\data\Amsterdam.tif,3608,1112,3690,1179,plane
C:\gwplane\data\Amsterdam.tif,3644,890,3699,989,plane
C:\gwplane\data\Amsterdam.tif,3654,1028,3697,1079,plane
C:\gwplane\data\Amsterdam.tif,3912,1091,3995,1167,plane
C:\gwplane\data\Amsterdam.tif,3968,1008,4036,1077,plane
C:\gwplane\data\Amsterdam.tif,3862,1198,3936,1269,plane
C:\gwplane\data\Amsterdam.tif,3899,1142,3912,1157,plane
C:\gwplane\data\Amsterdam.tif,4226,1186,4313,1263,plane
C:\gwplane\data\Amsterdam.tif,4403,1259,4422,1277,plane
C:\gwplane\data\Amsterdam.tif,217,1422,230,1438,plane
C:\gwplane\data\Amsterdam.tif,1576,1322,1674,1400,plane
C:\gwplane\data\Amsterdam.tif,1558,1535,1637,1619,plane
C:\gwplane\data\Amsterdam.tif,1838,1374,1924,1448,plane
C:\gwplane\data\Amsterdam.tif,1832,1568,1918,1651,plane
C:\gwplane\data\Amsterdam.tif,1826,1473,1924,1556,plane
C:\gwplane\data\Amsterdam.tif,2198,1652,2219,1669,plane
C:\gwplane\data\Amsterdam.tif,2655,1419,2696,1468,plane
C:\gwplane\data\Amsterdam.tif,2655,1278,2755,1366,plane
C:\gwplane\data\Amsterdam.tif,2894,1254,2945,1299,plane
C:\gwplane\data\Amsterdam.tif,3620,1486,3695,1556,plane
C:\gwplane\data\Amsterdam.tif,3984,1396,4066,1477,plane
C:\gwplane\data\Amsterdam.tif,3917,1561,3977,1623,plane
C:\gwplane\data\Amsterdam.tif,3798,1285,3868,1354,plane
C:\gwplane\data\Amsterdam.tif,3873,1628,3923,1679,plane
C:\gwplane\data\Amsterdam.tif,4239,1319,4287,1374,plane
C:\gwplane\data\Amsterdam.tif,4322,1518,4394,1597,plane
C:\gwplane\data\Amsterdam.tif,4457,1413,4496,1458,plane
C:\gwplane\data\Amsterdam.tif,4211,1516,4274,1583,plane
C:\gwplane\data\Amsterdam.tif,4358,1326,4408,1381,plane
C:\gwplane\data\Amsterdam.tif,4177,1315,4226,1371,plane
C:\gwplane\data\Amsterdam.tif,4125,1504,4193,1578,plane
C:\gwplane\data\Amsterdam.tif,4307,1678,4318,1694,plane
C:\gwplane\data\Amsterdam.tif,618,1658,665,1705,plane
C:\gwplane\data\Amsterdam.tif,1268,1899,1300,1952,plane
C:\gwplane\data\Amsterdam.tif,1002,2068,1027,2100,plane
C:\gwplane\data\Amsterdam.tif,1557,1772,1567,1788,plane
C:\gwplane\data\Amsterdam.tif,1962,1977,1976,1993,plane
C:\gwplane\data\Amsterdam.tif,3576,1811,3611,1854,plane
C:\gwplane\data\Amsterdam.tif,3630,1834,3694,1906,plane
C:\gwplane\data\Amsterdam.tif,3641,1631,3699,1713,plane
C:\gwplane\data\Amsterdam.tif,3906,1941,3950,1983,plane
C:\gwplane\data\Amsterdam.tif,3783,1823,3847,1900,plane
C:\gwplane\data\Amsterdam.tif,4024,1980,4062,2023,plane
C:\gwplane\data\Amsterdam.tif,3948,1981,3995,2031,plane
C:\gwplane\data\Amsterdam.tif,3703,1820,3777,1894,plane
C:\gwplane\data\Amsterdam.tif,4139,1978,4189,2031,plane
C:\gwplane\data\Amsterdam.tif,4208,1849,4256,1905,plane
C:\gwplane\data\Amsterdam.tif,4075,1979,4125,2030,plane
C:\gwplane\data\Amsterdam.tif,4104,1689,4141,1730,plane
C:\gwplane\data\Amsterdam.tif,4195,1977,4246,2042,plane
C:\gwplane\data\Amsterdam.tif,4272,1854,4315,1904,plane
C:\gwplane\data\Amsterdam.tif,4292,1964,4331,2006,plane
C:\gwplane\data\Amsterdam.tif,4544,1950,4602,2013,plane
C:\gwplane\data\Amsterdam.tif,4563,1687,4613,1735,plane
C:\gwplane\data\Amsterdam.tif,4417,1799,4446,1819,plane
C:\gwplane\data\Amsterdam.tif,716,2448,729,2460,plane
C:\gwplane\data\Amsterdam.tif,616,2445,628,2458,plane
C:\gwplane\data\Amsterdam.tif,1572,2207,1655,2284,plane
C:\gwplane\data\Amsterdam.tif,1566,2113,1656,2191,plane
C:\gwplane\data\Amsterdam.tif,2452,2306,2461,2318,plane
C:\gwplane\data\Amsterdam.tif,2513,2322,2525,2336,plane
C:\gwplane\data\Amsterdam.tif,3232,2172,3244,2183,plane
C:\gwplane\data\Amsterdam.tif,3312,2281,3356,2322,plane
C:\gwplane\data\Amsterdam.tif,3284,2233,3321,2265,plane
C:\gwplane\data\Amsterdam.tif,3474,2148,3515,2191,plane
C:\gwplane\data\Amsterdam.tif,3409,2435,3452,2469,plane
C:\gwplane\data\Amsterdam.tif,3375,2380,3418,2418,plane
C:\gwplane\data\Amsterdam.tif,3529,2248,3587,2292,plane
C:\gwplane\data\Amsterdam.tif,3576,2287,3619,2330,plane
C:\gwplane\data\Amsterdam.tif,3679,2409,3720,2459,plane
C:\gwplane\data\Amsterdam.tif,3715,2175,3763,2222,plane
C:\gwplane\data\Amsterdam.tif,4533,2113,4569,2152,plane
C:\gwplane\data\Amsterdam.tif,685,2769,695,2781,plane
C:\gwplane\data\Amsterdam.tif,597,2785,608,2796,plane
C:\gwplane\data\Amsterdam.tif,985,2557,992,2570,plane
C:\gwplane\data\Amsterdam.tif,1810,2860,1853,2899,plane
C:\gwplane\data\Amsterdam.tif,2446,2500,2478,2518,plane
C:\gwplane\data\Amsterdam.tif,2429,2515,2451,2530,plane
C:\gwplane\data\Amsterdam.tif,2175,2677,2208,2690,plane
C:\gwplane\data\Amsterdam.tif,3108,2651,3151,2683,plane
C:\gwplane\data\Amsterdam.tif,2931,2836,2970,2869,plane
C:\gwplane\data\Amsterdam.tif,2901,2787,2931,2821,plane
C:\gwplane\data\Amsterdam.tif,3272,2602,3300,2637,plane
C:\gwplane\data\Amsterdam.tif,3103,2410,3116,2424,plane
C:\gwplane\data\Amsterdam.tif,3487,2526,3532,2564,plane
C:\gwplane\data\Amsterdam.tif,3440,2488,3485,2518,plane
C:\gwplane\data\Amsterdam.tif,409,2933,419,2952,plane
C:\gwplane\data\Amsterdam.tif,559,3108,595,3143,plane
C:\gwplane\data\Amsterdam.tif,1545,3104,1558,3126,plane
C:\gwplane\data\Amsterdam.tif,1983,3012,2027,3056,plane
C:\gwplane\data\Amsterdam.tif,2009,2944,2022,2958,plane
C:\gwplane\data\Amsterdam.tif,2026,2892,2036,2903,plane
C:\gwplane\data\Amsterdam.tif,2667,2878,2708,2913,plane
C:\gwplane\data\Amsterdam.tif,3298,2922,3343,2961,plane
C:\gwplane\data\Amsterdam.tif,3900,3151,3984,3221,plane
C:\gwplane\data\Amsterdam.tif,4951,3054,4973,3078,plane
C:\gwplane\data\Amsterdam.tif,1046,3598,1086,3633,plane
C:\gwplane\data\Amsterdam.tif,2197,3421,2238,3469,plane
C:\gwplane\data\Amsterdam.tif,2122,3448,2163,3489,plane
C:\gwplane\data\Amsterdam.tif,3773,3435,3845,3519,plane
C:\gwplane\data\Amsterdam.tif,3911,3312,3937,3348,plane
C:\gwplane\data\Amsterdam.tif,4185,3474,4211,3501,plane
C:\gwplane\data\Amsterdam.tif,4795,3599,4807,3611,plane
C:\gwplane\data\Amsterdam.tif,5320,3672,5339,3697,plane
C:\gwplane\data\Amsterdam.tif,851,4063,873,4082,plane
C:\gwplane\data\Amsterdam.tif,839,4085,854,4099,plane
C:\gwplane\data\Amsterdam.tif,1550,3788,1619,3866,plane
C:\gwplane\data\Amsterdam.tif,1357,3911,1409,3970,plane
C:\gwplane\data\Amsterdam.tif,1679,3704,1725,3762,plane
C:\gwplane\data\Amsterdam.tif,2960,3947,3049,4028,plane
C:\gwplane\data\Amsterdam.tif,3133,3837,3229,3926,plane
C:\gwplane\data\Amsterdam.tif,3244,3779,3298,3854,plane
C:\gwplane\data\Amsterdam.tif,3584,3850,3592,3861,plane
C:\gwplane\data\Amsterdam.tif,3617,3872,3626,3884,plane
C:\gwplane\data\Amsterdam.tif,3672,3796,3680,3807,plane
C:\gwplane\data\Amsterdam.tif,5163,3867,5201,3913,plane
C:\gwplane\data\Amsterdam.tif,5014,3772,5023,3786,plane
C:\gwplane\data\Amsterdam.tif,5594,3830,5608,3845,plane
C:\gwplane\data\Amsterdam.tif,555,4436,575,4471,plane
C:\gwplane\data\Amsterdam.tif,2938,4286,2950,4302,plane
C:\gwplane\data\Amsterdam.tif,3900,4413,3929,4430,plane
C:\gwplane\data\Amsterdam.tif,3857,4424,3876,4435,plane
C:\gwplane\data\Amsterdam.tif,3886,4336,3915,4352,plane
C:\gwplane\data\Amsterdam.tif,3869,4373,3893,4390,plane
C:\gwplane\data\Amsterdam.tif,3872,4353,3887,4366,plane
C:\gwplane\data\Amsterdam.tif,3885,4362,3902,4375,plane
C:\gwplane\data\Amsterdam.tif,3910,4391,3929,4407,plane
C:\gwplane\data\Amsterdam.tif,3895,4397,3911,4411,plane
C:\gwplane\data\Amsterdam.tif,4747,4441,4762,4455,plane
C:\gwplane\data\Amsterdam.tif,4703,4390,4714,4419,plane
C:\gwplane\data\Amsterdam.tif,5008,4162,5016,4174,plane
C:\gwplane\data\Amsterdam.tif,1414,4637,1430,4653,plane
C:\gwplane\data\Amsterdam.tif,2774,4820,2795,4843,plane
C:\gwplane\data\Amsterdam.tif,2995,4724,3013,4744,plane
C:\gwplane\data\Amsterdam.tif,2997,4758,3025,4775,plane
C:\gwplane\data\Amsterdam.tif,3022,4744,3044,4756,plane
C:\gwplane\data\Amsterdam.tif,4304,4525,4319,4545,plane
C:\gwplane\data\Amsterdam.tif,5307,4791,5338,4833,plane
C:\gwplane\data\Amsterdam.tif,1860,5030,1880,5058,plane
C:\gwplane\data\Amsterdam.tif,1905,5165,1920,5183,plane
C:\gwplane\data\Amsterdam.tif,2264,5149,2307,5172,plane
C:\gwplane\data\Amsterdam.tif,2536,5244,2548,5260,plane
C:\gwplane\data\Amsterdam.tif,5182,5100,5200,5115,plane
C:\gwplane\data\Amsterdam.tif,788,5473,798,5483,plane
C:\gwplane\data\Amsterdam.tif,2881,5675,2893,5688,plane
C:\gwplane\data\Amsterdam.tif,3752,5600,3771,5618,plane
C:\gwplane\data\Amsterdam.tif,3765,5589,3775,5599,plane
C:\gwplane\data\Amsterdam.tif,4394,5404,4410,5420,plane
C:\gwplane\data\Amsterdam.tif,4954,5397,4985,5424,plane
C:\gwplane\data\Amsterdam.tif,5212,5299,5222,5309,plane
C:\gwplane\data\Amsterdam.tif,5216,5262,5235,5282,plane
C:\gwplane\data\Amsterdam.tif,5483,5323,5492,5337,plane
C:\gwplane\data\Amsterdam.tif,5137,5370,5150,5392,plane
C:\gwplane\data\Amsterdam.tif,3491,5708,3510,5727,plane
C:\gwplane\data\Amsterdam.tif,4327,6070,4336,6080,plane
C:\gwplane\data\Amsterdam.tif,4767,5683,4782,5696,plane
C:\gwplane\data\Amsterdam.tif,3929,5780,3942,5796,plane
C:\gwplane\data\Amsterdam.tif,4781,5987,4792,6001,plane
C:\gwplane\data\baiyun.tif,1119,1181,1132,1194,plane
C:\gwplane\data\baiyun.tif,1977,2278,2031,2337,plane
C:\gwplane\data\baiyun.tif,1960,2353,2023,2408,plane
C:\gwplane\data\baiyun.tif,2013,2139,2079,2192,plane
C:\gwplane\data\baiyun.tif,2020,2225,2045,2260,plane
C:\gwplane\data\baiyun.tif,2834,2376,2866,2401,plane
C:\gwplane\data\baiyun.tif,2822,2423,2850,2447,plane
C:\gwplane\data\baiyun.tif,2836,2403,2866,2426,plane
C:\gwplane\data\baiyun.tif,2877,2466,2893,2481,plane
C:\gwplane\data\baiyun.tif,2878,2438,2895,2466,plane
C:\gwplane\data\baiyun.tif,2871,2380,2887,2399,plane
C:\gwplane\data\baiyun.tif,2888,2405,2917,2435,plane
C:\gwplane\data\baiyun.tif,3074,2100,3090,2113,plane
C:\gwplane\data\baiyun.tif,1014,2570,1041,2595,plane
C:\gwplane\data\baiyun.tif,1941,2508,1982,2544,plane
C:\gwplane\data\baiyun.tif,1887,2640,1948,2691,plane
C:\gwplane\data\baiyun.tif,1875,2711,1930,2759,plane
C:\gwplane\data\baiyun.tif,1924,2580,1966,2618,plane
C:\gwplane\data\baiyun.tif,2711,2743,2720,2753,plane
C:\gwplane\data\baiyun.tif,3030,2770,3080,2810,plane
C:\gwplane\data\baiyun.tif,3041,2721,3083,2755,plane
C:\gwplane\data\baiyun.tif,5111,2853,5153,2894,plane
C:\gwplane\data\baiyun.tif,1772,3198,1809,3231,plane
C:\gwplane\data\baiyun.tif,1767,3152,1800,3176,plane
C:\gwplane\data\baiyun.tif,1763,3249,1806,3279,plane
C:\gwplane\data\baiyun.tif,1795,3116,1826,3143,plane
C:\gwplane\data\baiyun.tif,1783,3073,1821,3101,plane
C:\gwplane\data\baiyun.tif,2996,2893,3053,2945,plane
C:\gwplane\data\baiyun.tif,2896,3226,2935,3268,plane
C:\gwplane\data\baiyun.tif,2955,3072,3003,3114,plane
C:\gwplane\data\baiyun.tif,2973,2970,3005,2999,plane
C:\gwplane\data\baiyun.tif,2942,3119,2973,3150,plane
C:\gwplane\data\baiyun.tif,2919,3161,2938,3187,plane
C:\gwplane\data\baiyun.tif,1260,3502,1276,3519,plane
C:\gwplane\data\baiyun.tif,1810,3551,1839,3586,plane
C:\gwplane\data\baiyun.tif,1887,3571,1912,3603,plane
C:\gwplane\data\baiyun.tif,1773,3539,1803,3577,plane
C:\gwplane\data\baiyun.tif,1922,3578,1950,3610,plane
C:\gwplane\data\baiyun.tif,2859,3441,2895,3474,plane
C:\gwplane\data\baiyun.tif,2855,3484,2881,3509,plane
C:\gwplane\data\baiyun.tif,2839,3491,2852,3505,plane
C:\gwplane\data\baiyun.tif,2893,3301,2952,3352,plane
C:\gwplane\data\baiyun.tif,4061,3599,4071,3611,plane
C:\gwplane\data\baiyun.tif,4410,3447,4456,3486,plane
C:\gwplane\data\baiyun.tif,1806,3854,1838,3885,plane
C:\gwplane\data\baiyun.tif,1843,3862,1870,3893,plane
C:\gwplane\data\baiyun.tif,2576,3739,2602,3773,plane
C:\gwplane\data\baiyun.tif,3170,3971,3204,3999,plane
C:\gwplane\data\baiyun.tif,4273,3782,4314,3819,plane
C:\gwplane\data\baiyun.tif,4256,3840,4298,3871,plane
C:\gwplane\data\baiyun.tif,4089,3820,4120,3844,plane
C:\gwplane\data\baiyun.tif,1582,4280,1609,4312,plane
C:\gwplane\data\baiyun.tif,1777,4159,1805,4186,plane
C:\gwplane\data\baiyun.tif,3963,4314,4013,4356,plane
C:\gwplane\data\baiyun.tif,3760,4344,3769,4355,plane
C:\gwplane\data\baiyun.tif,3707,4422,3727,4446,plane
C:\gwplane\data\baiyun.tif,3767,4318,3776,4329,plane
C:\gwplane\data\baiyun.tif,4000,4327,4016,4349,plane
C:\gwplane\data\baiyun.tif,1538,4606,1572,4645,plane
C:\gwplane\data\baiyun.tif,1477,4724,1533,4782,plane
C:\gwplane\data\baiyun.tif,1610,4625,1643,4660,plane
C:\gwplane\data\baiyun.tif,1590,4814,1616,4845,plane
C:\gwplane\data\baiyun.tif,3913,4528,3962,4572,plane
C:\gwplane\data\baiyun.tif,3900,4591,3926,4619,plane
C:\gwplane\data\baiyun.tif,1227,5028,1263,5060,plane
C:\gwplane\data\baiyun.tif,1199,5187,1234,5215,plane
C:\gwplane\data\baiyun.tif,1162,4962,1192,4994,plane
C:\gwplane\data\baiyun.tif,954,5085,981,5113,plane
C:\gwplane\data\baiyun.tif,1548,4939,1577,4976,plane
C:\gwplane\data\baiyun.tif,1548,5083,1579,5123,plane
C:\gwplane\data\baiyun.tif,1494,4923,1529,4969,plane
C:\gwplane\data\baiyun.tif,1409,4983,1450,5023,plane
C:\gwplane\data\baiyun.tif,1423,4916,1471,4973,plane
C:\gwplane\data\baiyun.tif,1952,5093,1961,5105,plane
C:\gwplane\data\baiyun.tif,2336,4995,2366,5032,plane
C:\gwplane\data\baiyun.tif,2398,5149,2428,5180,plane
C:\gwplane\data\baiyun.tif,2373,5009,2401,5044,plane
C:\gwplane\data\baiyun.tif,2176,5154,2242,5213,plane
C:\gwplane\data\baiyun.tif,2481,5033,2513,5064,plane
C:\gwplane\data\baiyun.tif,2531,4995,2589,5052,plane
C:\gwplane\data\baiyun.tif,558,5550,574,5565,plane
C:\gwplane\data\baiyun.tif,1564,5284,1596,5327,plane
C:\gwplane\data\baiyun.tif,1561,5447,1594,5478,plane
C:\gwplane\data\baiyun.tif,1434,5290,1468,5323,plane
C:\gwplane\data\baiyun.tif,1504,5290,1538,5324,plane
C:\gwplane\data\baiyun.tif,1327,5419,1361,5450,plane
C:\gwplane\data\baiyun.tif,2014,5573,2087,5652,plane
C:\gwplane\data\baiyun.tif,2260,5637,2293,5671,plane
C:\gwplane\data\baiyun.tif,2210,5614,2249,5648,plane
C:\gwplane\data\baiyun.tif,2288,5480,2317,5513,plane
C:\gwplane\data\baiyun.tif,2399,5588,2453,5642,plane
C:\gwplane\data\baiyun.tif,2325,5280,2355,5314,plane
C:\gwplane\data\baiyun.tif,2375,5287,2406,5321,plane
C:\gwplane\data\baiyun.tif,2419,5303,2447,5335,plane
C:\gwplane\data\baiyun.tif,2247,5461,2274,5490,plane
C:\gwplane\data\baiyun.tif,2003,5458,2135,5581,plane
C:\gwplane\data\baiyun.tif,2121,5341,2181,5405,plane
C:\gwplane\data\baiyun.tif,2150,5270,2204,5332,plane
C:\gwplane\data\baiyun.tif,3145,5359,3177,5391,plane
C:\gwplane\data\baiyun.tif,1224,6048,1253,6085,plane
C:\gwplane\data\baiyun.tif,1149,6031,1180,6065,plane
C:\gwplane\data\baiyun.tif,1232,5845,1295,5908,plane
C:\gwplane\data\baiyun.tif,1237,5780,1273,5808,plane
C:\gwplane\data\baiyun.tif,1468,5987,1518,6041,plane
C:\gwplane\data\baiyun.tif,1362,5857,1414,5907,plane
C:\gwplane\data\baiyun.tif,1436,5672,1468,5705,plane
C:\gwplane\data\baiyun.tif,1340,5718,1371,5752,plane
C:\gwplane\data\baiyun.tif,1292,5941,1326,5974,plane
C:\gwplane\data\baiyun.tif,1538,5954,1584,6011,plane
C:\gwplane\data\baiyun.tif,1426,5834,1480,5873,plane
C:\gwplane\data\baiyun.tif,2010,5889,2038,5933,plane
C:\gwplane\data\baiyun.tif,2074,6006,2100,6040,plane
C:\gwplane\data\baiyun.tif,1961,5709,2026,5763,plane
C:\gwplane\data\baiyun.tif,2189,5903,2235,5948,plane
C:\gwplane\data\baiyun.tif,2148,5845,2195,5891,plane
C:\gwplane\data\baiyun.tif,2115,5795,2147,5829,plane
C:\gwplane\data\baiyun.tif,2118,6057,2166,6097,plane
C:\gwplane\data\baiyun.tif,2338,5626,2374,5680,plane
C:\gwplane\data\baiyun.tif,821,6313,858,6359,plane
C:\gwplane\data\baiyun.tif,796,6445,825,6479,plane
C:\gwplane\data\baiyun.tif,1234,6369,1274,6403,plane
C:\gwplane\data\baiyun.tif,1425,6147,1438,6164,plane
C:\gwplane\data\baiyun.tif,1965,6207,1991,6236,plane
C:\gwplane\data\baiyun.tif,1898,6120,1933,6151,plane
C:\gwplane\data\baiyun.tif,2208,6366,2260,6431,plane
C:\gwplane\data\baiyun.tif,2256,6082,2318,6143,plane
C:\gwplane\data\baiyun.tif,2075,6339,2126,6397,plane
C:\gwplane\data\baiyun.tif,2166,6099,2211,6156,plane
C:\gwplane\data\baiyun.tif,732,6637,783,6697,plane
C:\gwplane\data\baiyun.tif,567,6696,593,6727,plane
C:\gwplane\data\baiyun.tif,1629,6469,1668,6507,plane
C:\gwplane\data\baiyun.tif,2457,6791,2489,6823,plane
C:\gwplane\data\baiyun.tif,4228,6602,4247,6623,plane
C:\gwplane\data\baiyun.tif,3261,7354,3291,7389,plane
C:\gwplane\data\baiyun.tif,1768,7682,1794,7713,plane
